{
    "4220001": {
        "Course_Code": "PC11",
        "FirstName": "Prince Chadwyk",
        "MiddleInitial": "F.",
        "Program": "BSIT",
        "attendance_status": "ABSENT",
        "block&year": "2.1",
        "lastName": "Magdalaga",
        "recent_attendance": "2024-06-21 12:30:22",
        "total_attendance": 7
    },
    "422000351": {
        "Course_Code": "PC11",
        "FirstName": "Bea",
        "MiddleInitial": "D.",
        "Program": "BSIT",
        "attendance_status": "ABSENT",
        "block": "2.1",
        "lastName": "Gorospe",
        "recent_attendance": "2024-06-21 13:41:27",
        "total_attendance": 13
    },
    "422000548": {
        "Course_Code": "PC11",
        "FirstName": "Chandler",
        "MiddleInitial": "",
        "Program": "BSIT",
        "attendance_status": "ABSENT",
        "block": "2.1",
        "lastName": "Victorino",
        "recent_attendance": "2024-06-21 13:33:40",
        "total_attendance": 6
    },
    "422002925": {
        "Course_Code": "PC11",
        "FirstName": "Clarens Lerwin",
        "MiddleInitial": "",
        "Program": "BSIT",
        "attendance_status": "ABSENT",
        "block": "2.1",
        "lastName": "Villalino",
        "recent_attendance": "2024-06-11 10:06:02",
        "total_attendance": 6
    }
}