{
    "422000351": {
        "FirstName": "Bea",
        "MiddleInitial": "D",
        "Program": "BSIT",
        "block": "2.1",
        "course": "PC11-System-Analysis-and-Design",
        "lastName": "Gorospe",
        "recent_attendance": "2024-06-19 02:11:25",
        "total_attendance": 1
    },
    "4220000055": {
        "FirstName": "JM",
        "MiddleInitial": "M",
        "Program": "BSIT",
        "block": "2.1",
        "course": "PC11-System-Analysis-and-Design",
        "lastName": "Bermudez",
        "recent_attendance": "2024-06-19 01:56:18",
        "total_attendance": 1
    }
}